test_image,true_integument_alterations,predict_integument_alterations,predict_confidence,predict_reason,predict_result,model,date,system_prompt,user_prompt,max_tokens,detail_level,seed,temperature,completion_tokens,prompt_tokens,total_cost
hairless_hp1.JPG,hairless,"hairless patches, lesions",high,"Upon visual inspection of the cow's integument, there are clear indications of hairless patches and lesions. The hairless patches are observable as areas where the hair is thinner or absent, particularly noticeable on the hind leg, and do not appear to have any skin damage, which aligns with the criteria for hairless patches. Additionally, there are red areas that suggest skin damage, consistent with the description of lesions. These areas resemble the lesion example provided in the reference images, where the skin is visibly irritated or wounded. The size and visibility of these alterations suggest they are significant enough to be considered in a welfare assessment. No obvious swellings are visible in the provided image, so this category is not included in the assessment.","ChatCompletion(id='chatcmpl-8glBl1vmPrfQHjNBJFvd1xeLLuvsI', choices=[Choice(finish_reason='stop', index=0, message=ChatCompletionMessage(content='```json\n{\n  ""integument_alterations"": ""hairless patches, lesions"",\n  ""confidence"": ""high"",\n  ""reason"": ""Upon visual inspection of the cow\'s integument, there are clear indications of hairless patches and lesions. The hairless patches are observable as areas where the hair is thinner or absent, particularly noticeable on the hind leg, and do not appear to have any skin damage, which aligns with the criteria for hairless patches. Additionally, there are red areas that suggest skin damage, consistent with the description of lesions. These areas resemble the lesion example provided in the reference images, where the skin is visibly irritated or wounded. The size and visibility of these alterations suggest they are significant enough to be considered in a welfare assessment. No obvious swellings are visible in the provided image, so this category is not included in the assessment.""\n}\n```', role='assistant', function_call=None, tool_calls=None))], created=1705201861, model='gpt-4-1106-vision-preview', object='chat.completion', system_fingerprint=None, usage=CompletionUsage(completion_tokens=179, prompt_tokens=2752, total_tokens=2931))",gpt-4-vision-preview,2024-01-13,"You are an experienced expert in animal welfare science focusing on dairy cow behavior and health, with 20 years of experience in conducting farm audit for welfare assessment. 
 ","Below are images containing text descriptions and criteria for assessing the integument alterations (3 types: [1] hairless patches, [2] lesions, [3] swellings) on the legs of dairy cows. Please read these text descriptions and examples in the images. Creteria and example images: 
 
**example images**
Your task involves evaluating the integument alterations of the dairy cow shown in the subsequent image, based on the previously provided criteria and examples. Specifically, check for any abnormalities such as hairless patches, lesions, or swellings on the cow. If you identify any such integument alterations, please record the type(s) of these alterations under `integument_alterations`. If no alterations are present, simply write `NA` 
 
 Give your assessment with a confidence score and briefly explain your reasoning to clarify your thought process step by step. Take a deep breath before you answer. This task is vital to my career, and I greatly value your thorough analysis. 

 Answer format: ```json 
 {
  ""integument_alterations"": ""..."",
  ""confidence"": ""..."",
  ""reason"": ""...""}``` 

 The following image requires your assessment of the cow's integument alterations: 

**test images**
",1000,high,7,0.5,179,2752,0.033
hairless_hp2.JPG,hairless,"hairless patches, lesions",high,"The cow in the image displays a hairless patch on the front left leg, near the carpal joint, similar to the example provided in the criteria images. Additionally, there appears to be a lesion on the same leg, characterized by reddened skin and potential scab formation. The size and visibility of these alterations suggest they meet the criteria set forth for assessment. No clear swellings are observed in the image provided.","ChatCompletion(id='chatcmpl-8glBrWwPeUlwh6A8Urps5KAVXFFyd', choices=[Choice(finish_reason='stop', index=0, message=ChatCompletionMessage(content='```json\n{\n  ""integument_alterations"": ""hairless patches, lesions"",\n  ""confidence"": ""high"",\n  ""reason"": ""The cow in the image displays a hairless patch on the front left leg, near the carpal joint, similar to the example provided in the criteria images. Additionally, there appears to be a lesion on the same leg, characterized by reddened skin and potential scab formation. The size and visibility of these alterations suggest they meet the criteria set forth for assessment. No clear swellings are observed in the image provided.""\n}\n```', role='assistant', function_call=None, tool_calls=None))], created=1705201867, model='gpt-4-1106-vision-preview', object='chat.completion', system_fingerprint=None, usage=CompletionUsage(completion_tokens=118, prompt_tokens=2752, total_tokens=2870))",gpt-4-vision-preview,2024-01-13,"You are an experienced expert in animal welfare science focusing on dairy cow behavior and health, with 20 years of experience in conducting farm audit for welfare assessment. 
 ","Below are images containing text descriptions and criteria for assessing the integument alterations (3 types: [1] hairless patches, [2] lesions, [3] swellings) on the legs of dairy cows. Please read these text descriptions and examples in the images. Creteria and example images: 
 
**example images**
Your task involves evaluating the integument alterations of the dairy cow shown in the subsequent image, based on the previously provided criteria and examples. Specifically, check for any abnormalities such as hairless patches, lesions, or swellings on the cow. If you identify any such integument alterations, please record the type(s) of these alterations under `integument_alterations`. If no alterations are present, simply write `NA` 
 
 Give your assessment with a confidence score and briefly explain your reasoning to clarify your thought process step by step. Take a deep breath before you answer. This task is vital to my career, and I greatly value your thorough analysis. 

 Answer format: ```json 
 {
  ""integument_alterations"": ""..."",
  ""confidence"": ""..."",
  ""reason"": ""...""}``` 

 The following image requires your assessment of the cow's integument alterations: 

**test images**
",1000,high,7,0.5,118,2752,0.031
hairless_hp3.JPG,hairless,"lesions, swellings",high,"The cow in the image displays a noticeable swelling on the tarsal joint of the hind leg, which is similar to the example provided for swellings in the reference images. Additionally, there appears to be a lesion on the same leg, just above the hoof, which is characterized by a visible area of skin damage and reddening, resembling the lesion example in the reference images. There are no clear hairless patches visible in the image provided.","ChatCompletion(id='chatcmpl-8glBygUk0ek9ZLJIxYcM9Ae36wEbf', choices=[Choice(finish_reason='stop', index=0, message=ChatCompletionMessage(content='```json\n{\n  ""integument_alterations"": ""lesions, swellings"",\n  ""confidence"": ""high"",\n  ""reason"": ""The cow in the image displays a noticeable swelling on the tarsal joint of the hind leg, which is similar to the example provided for swellings in the reference images. Additionally, there appears to be a lesion on the same leg, just above the hoof, which is characterized by a visible area of skin damage and reddening, resembling the lesion example in the reference images. There are no clear hairless patches visible in the image provided.""\n}\n```', role='assistant', function_call=None, tool_calls=None))], created=1705201874, model='gpt-4-1106-vision-preview', object='chat.completion', system_fingerprint=None, usage=CompletionUsage(completion_tokens=123, prompt_tokens=2752, total_tokens=2875))",gpt-4-vision-preview,2024-01-13,"You are an experienced expert in animal welfare science focusing on dairy cow behavior and health, with 20 years of experience in conducting farm audit for welfare assessment. 
 ","Below are images containing text descriptions and criteria for assessing the integument alterations (3 types: [1] hairless patches, [2] lesions, [3] swellings) on the legs of dairy cows. Please read these text descriptions and examples in the images. Creteria and example images: 
 
**example images**
Your task involves evaluating the integument alterations of the dairy cow shown in the subsequent image, based on the previously provided criteria and examples. Specifically, check for any abnormalities such as hairless patches, lesions, or swellings on the cow. If you identify any such integument alterations, please record the type(s) of these alterations under `integument_alterations`. If no alterations are present, simply write `NA` 
 
 Give your assessment with a confidence score and briefly explain your reasoning to clarify your thought process step by step. Take a deep breath before you answer. This task is vital to my career, and I greatly value your thorough analysis. 

 Answer format: ```json 
 {
  ""integument_alterations"": ""..."",
  ""confidence"": ""..."",
  ""reason"": ""...""}``` 

 The following image requires your assessment of the cow's integument alterations: 

**test images**
",1000,high,7,0.5,123,2752,0.031
lesion_l1.JPG,lesion,lesions,medium,"The image provided shows the lower legs of a dairy cow standing in a muddy environment. Upon examination, there appears to be a reddish area indicative of a lesion on one of the legs, specifically around what appears to be the tarsal joint. This reddish area suggests skin damage, which could be a wound or dermatitis. The lesion is consistent with the criteria described for lesions in the provided documentation, which includes damaged skin in the form of a scab or wound. The assessment is made with medium confidence due to the image's quality and the presence of mud, which may obscure other potential alterations. The mud itself may also be a contributing factor to skin issues due to prolonged exposure and potential irritation or infection.","ChatCompletion(id='chatcmpl-8glC6fYe1xk9pmRyXJc2kptmvkkXX', choices=[Choice(finish_reason='stop', index=0, message=ChatCompletionMessage(content='```json\n{\n  ""integument_alterations"": ""lesions"",\n  ""confidence"": ""medium"",\n  ""reason"": ""The image provided shows the lower legs of a dairy cow standing in a muddy environment. Upon examination, there appears to be a reddish area indicative of a lesion on one of the legs, specifically around what appears to be the tarsal joint. This reddish area suggests skin damage, which could be a wound or dermatitis. The lesion is consistent with the criteria described for lesions in the provided documentation, which includes damaged skin in the form of a scab or wound. The assessment is made with medium confidence due to the image\'s quality and the presence of mud, which may obscure other potential alterations. The mud itself may also be a contributing factor to skin issues due to prolonged exposure and potential irritation or infection.""\n}\n```', role='assistant', function_call=None, tool_calls=None))], created=1705201882, model='gpt-4-1106-vision-preview', object='chat.completion', system_fingerprint=None, usage=CompletionUsage(completion_tokens=175, prompt_tokens=3092, total_tokens=3267))",gpt-4-vision-preview,2024-01-13,"You are an experienced expert in animal welfare science focusing on dairy cow behavior and health, with 20 years of experience in conducting farm audit for welfare assessment. 
 ","Below are images containing text descriptions and criteria for assessing the integument alterations (3 types: [1] hairless patches, [2] lesions, [3] swellings) on the legs of dairy cows. Please read these text descriptions and examples in the images. Creteria and example images: 
 
**example images**
Your task involves evaluating the integument alterations of the dairy cow shown in the subsequent image, based on the previously provided criteria and examples. Specifically, check for any abnormalities such as hairless patches, lesions, or swellings on the cow. If you identify any such integument alterations, please record the type(s) of these alterations under `integument_alterations`. If no alterations are present, simply write `NA` 
 
 Give your assessment with a confidence score and briefly explain your reasoning to clarify your thought process step by step. Take a deep breath before you answer. This task is vital to my career, and I greatly value your thorough analysis. 

 Answer format: ```json 
 {
  ""integument_alterations"": ""..."",
  ""confidence"": ""..."",
  ""reason"": ""...""}``` 

 The following image requires your assessment of the cow's integument alterations: 

**test images**
",1000,high,7,0.5,175,3092,0.036
lesion_l2.JPG,lesion,"lesions, swellings",high,"The cow's hind leg shows a clear presence of an alteration with discoloration and potential skin damage, which appears to be a lesion based on the color and texture relative to the examples provided. Additionally, there is noticeable swelling around the lesion, as indicated by the bulging appearance when compared to the normal leg structure shown in the example images. The lesion and swelling are both located at the carpal joint, which is consistent with the provided examples. The size of the alteration appears to be larger than the minimum diameter of 2 cm as per the criteria, and the skin looks damaged, which fits the description for a lesion and swelling.","ChatCompletion(id='chatcmpl-8glCCvP3buL87xnhNtrxEUWR0tYt0', choices=[Choice(finish_reason='stop', index=0, message=ChatCompletionMessage(content='```json\n{\n  ""integument_alterations"": ""lesions, swellings"",\n  ""confidence"": ""high"",\n  ""reason"": ""The cow\'s hind leg shows a clear presence of an alteration with discoloration and potential skin damage, which appears to be a lesion based on the color and texture relative to the examples provided. Additionally, there is noticeable swelling around the lesion, as indicated by the bulging appearance when compared to the normal leg structure shown in the example images. The lesion and swelling are both located at the carpal joint, which is consistent with the provided examples. The size of the alteration appears to be larger than the minimum diameter of 2 cm as per the criteria, and the skin looks damaged, which fits the description for a lesion and swelling.""\n}\n```', role='assistant', function_call=None, tool_calls=None))], created=1705201888, model='gpt-4-1106-vision-preview', object='chat.completion', system_fingerprint=None, usage=CompletionUsage(completion_tokens=162, prompt_tokens=2752, total_tokens=2914))",gpt-4-vision-preview,2024-01-13,"You are an experienced expert in animal welfare science focusing on dairy cow behavior and health, with 20 years of experience in conducting farm audit for welfare assessment. 
 ","Below are images containing text descriptions and criteria for assessing the integument alterations (3 types: [1] hairless patches, [2] lesions, [3] swellings) on the legs of dairy cows. Please read these text descriptions and examples in the images. Creteria and example images: 
 
**example images**
Your task involves evaluating the integument alterations of the dairy cow shown in the subsequent image, based on the previously provided criteria and examples. Specifically, check for any abnormalities such as hairless patches, lesions, or swellings on the cow. If you identify any such integument alterations, please record the type(s) of these alterations under `integument_alterations`. If no alterations are present, simply write `NA` 
 
 Give your assessment with a confidence score and briefly explain your reasoning to clarify your thought process step by step. Take a deep breath before you answer. This task is vital to my career, and I greatly value your thorough analysis. 

 Answer format: ```json 
 {
  ""integument_alterations"": ""..."",
  ""confidence"": ""..."",
  ""reason"": ""...""}``` 

 The following image requires your assessment of the cow's integument alterations: 

**test images**
",1000,high,7,0.5,162,2752,0.032
swelling_s1.JPG,swelling,lesion,high,"Based on the criteria provided, integument alterations are assessed by looking for hairless patches, lesions, and swellings of a minimum diameter of 2 cm. In the image provided, there is a visible lesion on the left tarsal joint of the cow. This is identified as an area with skin damage, which appears as a reddened patch with a loss of hair and potential scabbing. The lesion appears to be of sufficient size to meet the criteria for an integument alteration. No hairless patches or swellings are clearly visible in the image provided. The assessment is made with high confidence based on the clear visual evidence of a lesion and the provided criteria.","ChatCompletion(id='chatcmpl-8glCKRzvvGJqTnCVXelXX107f54eM', choices=[Choice(finish_reason='stop', index=0, message=ChatCompletionMessage(content='```json\n{\n  ""integument_alterations"": ""lesion"",\n  ""confidence"": ""high"",\n  ""reason"": ""Based on the criteria provided, integument alterations are assessed by looking for hairless patches, lesions, and swellings of a minimum diameter of 2 cm. In the image provided, there is a visible lesion on the left tarsal joint of the cow. This is identified as an area with skin damage, which appears as a reddened patch with a loss of hair and potential scabbing. The lesion appears to be of sufficient size to meet the criteria for an integument alteration. No hairless patches or swellings are clearly visible in the image provided. The assessment is made with high confidence based on the clear visual evidence of a lesion and the provided criteria.""\n}\n```', role='assistant', function_call=None, tool_calls=None))], created=1705201896, model='gpt-4-1106-vision-preview', object='chat.completion', system_fingerprint=None, usage=CompletionUsage(completion_tokens=166, prompt_tokens=2752, total_tokens=2918))",gpt-4-vision-preview,2024-01-13,"You are an experienced expert in animal welfare science focusing on dairy cow behavior and health, with 20 years of experience in conducting farm audit for welfare assessment. 
 ","Below are images containing text descriptions and criteria for assessing the integument alterations (3 types: [1] hairless patches, [2] lesions, [3] swellings) on the legs of dairy cows. Please read these text descriptions and examples in the images. Creteria and example images: 
 
**example images**
Your task involves evaluating the integument alterations of the dairy cow shown in the subsequent image, based on the previously provided criteria and examples. Specifically, check for any abnormalities such as hairless patches, lesions, or swellings on the cow. If you identify any such integument alterations, please record the type(s) of these alterations under `integument_alterations`. If no alterations are present, simply write `NA` 
 
 Give your assessment with a confidence score and briefly explain your reasoning to clarify your thought process step by step. Take a deep breath before you answer. This task is vital to my career, and I greatly value your thorough analysis. 

 Answer format: ```json 
 {
  ""integument_alterations"": ""..."",
  ""confidence"": ""..."",
  ""reason"": ""...""}``` 

 The following image requires your assessment of the cow's integument alterations: 

**test images**
",1000,high,7,0.5,166,2752,0.033
